{
  "realistic_target_cac": 26000,
  "reduction_percentage": 64.93644663522726,
  "phase1_cac": 37075.535,
  "phase2_cac": 22245.321,
  "phase3_cac": 26000,
  "new_net_monthly": 390667,
  "new_timeline_months": 12.798623891959137,
  "improvement_months": 1.8013761080408628
}