{
  "monthly_gross": 416666.6666666667,
  "monthly_cac": 69727.52628906,
  "monthly_net": 346939.1403776067,
  "annual_net": 4163269.68453128,
  "calculated_at": "2025-12-31T17:28:02.417327"
}